OBJECTID,Identificador unico del sector catastral,Tipo de sector catastral,Nombre del sector catastral,coord_x,coord_y
1281,205109,2,LA MAGDALENA I,"-74,15971638349998","4,6538848121528105"
1282,205227,2,OSORIO IX,"-74,171430826","4,655330582652857"
1284,105203,1,OSORIO II,"-74,166000932","4,654956388652853"
1285,201109,2,INGEMAR I,"-74,05440703649998","4,639504332652364"
1286,201110,2,INGEMAR ORIENTAL I,"-74,0505909105","4,644192807152489"
1287,201317,2,TIBAQUE III,"-74,0714674255","4,565078789649923"
1288,201408,2,LA PERSEVERANCIA I,"-74,06229751150002","4,616669126151601"
1289,001340,0,TIHUAQUE,"-74,08245901750001","4,501786597147835"
1290,002305,0,LIBERTADOR,"-74,11404031749998","4,585688420150582"
1291,004501,0,HIPOTECHO,"-74,13219142400001","4,627560609651946"
1292,002550,0,DUITAMA,"-74,114159717","4,52703171864869"
1293,002533,0,SOTAVENTO,"-74,13937551500001","4,543883427649218"
1294,004565,0,TOCAREMA,"-74,16354184349998","4,613045080651481"
1295,004516,0,BOITÁ,"-74,154286361","4,603548456651165"
1298,005616,0,LOS CEREZOS,"-74,098408159","4,7093146491546065"
1299,104129,1,EL MOCHUELO II,"-74,13974311850001","4,519289737148434"
1300,006534,0,EL TINTAL IV,"-74,143240658","4,656087968152862"
1302,006208,0,ORTEZAL,"-74,09678574","4,6316901776520805"
1303,004413,0,AUTOPISTA MUZÚ ORIENTAL,"-74,11814458950002","4,596889169650957"
1304,004540,0,CATALINA II,"-74,1707177635","4,6068506021512885"
1305,003110,0,LA CATEDRAL,"-74,07354280299998","4,599164674151039"
1306,002626,0,BOLONIA I,"-74,09843943549998","4,517328833148355"
1307,004205,0,PRIMAVERA OCCIDENTAL,"-74,109450245","4,615177339151563"
1308,002585,0,EL MOCHUELO URBANO,"-74,15286009899998","4,534084799148905"
1309,202511,2,PUERTA AL LLANO RURAL,"-74,10897064350002","4,490979180647509"
1310,102601,1,CENTRO USME RURAL,"-74,130813606","4,468183213146766"
1311,002577,0,DANUBIO II,"-74,11127176449997","4,538882024149064"
1312,004103,0,VOTO NACIONAL,"-74,08367797600002","4,603507673151164"
1313,002602,0,FISCALA ALTA,"-74,10197150900001","4,525721700148626"
1314,002599,0,CENTRO USME URBANO,"-74,1254159495","4,474310034146946"
1315,008306,0,PORCIÚNCULA,"-74,05736942349998","4,6595352206529945"
1316,002619,0,VILLA ANITA,"-74,11875055300001","4,4894364676474385"
1317,004630,0,PARCELA EL PORVENIR,"-74,18673646100001","4,640107697152354"
1319,002604,0,LOS OLIVARES,"-74,10573011999998","4,515234137648312"
1320,002642,0,EL PORTAL URBANO,"-74,10071914399998","4,494426643147613"
1321,002535,0,PALERMO SUR,"-74,1093717695","4,541943632149163"
1322,002302,0,SANTANDER SUR,"-74,1121760375","4,591423669150775"
1323,002104,0,RESTREPO OCCIDENTAL,"-74,10431704950003","4,589375283150721"
1324,002107,0,LA FRAGUA,"-74,10653917549999","4,595002397650888"
1325,004107,0,SANTA ISABEL SUR,"-74,10247848","4,597902399150978"
1326,002106,0,SENA,"-74,11021399999998","4,596481014650944"
1327,002103,0,RESTREPO,"-74,10046605650001","4,585621918150572"
1328,001316,0,MORALBA,"-74,07941375250002","4,543540824149204"
1329,002414,0,ISMAEL PERDOMO,"-74,16931902049998","4,5823624196504955"
1331,008220,0,SIBERIA CENTRAL,"-74,0586574575","4,633235816152135"
1332,004521,0,LA ESTACIÓN BOSA,"-74,18750299550001","4,599281603151035"
1333,008415,0,SANTA BARBARA CENTRAL,"-74,03804683300001","4,6994084426542795"
1334,002594,0,VILLA ISRAEL,"-74,11430831050001","4,4897819166474875"
1335,005660,0,SAN ANTONIO URBANO,"-74,1316908295","4,702449971654379"
1336,005505,0,BOSQUE POPULAR,"-74,0959065905","4,670166034153343"
1337,004545,0,CATALINA,"-74,168444069","4,609530795651369"
1338,002598,0,EL MOCHUELO II URBANO,"-74,13129522","4,523908797648564"
1339,102502,1,EL UVAL RURAL,"-74,09924056150001","4,4715099416468895"
1340,004524,0,SAN PABLO BOSA,"-74,19030858400001","4,604698748651204"
1341,001344,0,LOS SOCHES,"-74,088640196","4,499916243147797"
1342,002630,0,EL PORTAL DEL DIVINO,"-74,0981035065","4,486395057147364"
1343,001415,0,MARCO FIDEL SUAREZ I,"-74,1204719015","4,566289690149949"
1344,004553,0,ANDALUCÍA II,"-74,17898077250001","4,601142849151106"
1345,004622,0,BRASIL,"-74,18225211699999","4,631923963152083"
1346,006523,0,SAN PEDRO DE LOS ROBLES,"-74,1472162245","4,667022477153226"
1347,001350,0,YOMASA,"-74,09219830450002","4,522181119148531"
1350,001101,0,LAS BRISAS,"-74,081828438","4,58378880165052"
1351,104110,1,QUIBA BAJO,"-74,17114837049999","4,528186979148714"
1352,004641,0,LA INDEPENDENCIA,"-74,19590591250002","4,620719053151718"
1353,005655,0,GARCÉS NAVAS SUR,"-74,1235134355","4,713714099654737"
1354,005632,0,BOCHICA,"-74,10654588099999","4,711403970154706"
1355,002412,0,VERONA,"-74,15676469300001","4,577355904650313"
1356,002519,0,DANUBIO,"-74,11563414849999","4,539515193649105"
1358,004519,0,ESCOCIA,"-74,18501354099999","4,621783955651777"
1359,004507,0,CIUDAD KENNEDY SUR,"-74,15942662199998","4,619849739151686"
1360,001357,0,SANTA INÉS SUR II,"-74,08860270950001","4,561446477149804"
1361,002547,0,EL TESORO,"-74,148701158","4,53648341314897"
1362,004546,0,VILLA DEL RIO,"-74,1573689935","4,600671364651062"
1363,007406,0,SANTA SOFIA,"-74,06772339100002","4,670831091153359"
1364,005507,0,NORMANDÍA,"-74,10636695100001","4,668458049653258"
1365,005663,0,EL DORADO INDUSTRIAL,"-74,12687376949998","4,724189256655105"
1366,006415,0,LA LAGUNA FONTIBÓN,"-74,14923437850001","4,670858472653374"
1367,002456,0,QUIBA I,"-74,13998847049999","4,541316873149146"
1368,004560,0,SAUCEDAL,"-74,16199575600001","4,6351778351522075"
1369,001307,0,RAMAJAL,"-74,08184779850001","4,55954325964974"
1371,101302,1,MOLINO RURAL,"-74,06954295600002","4,569061542150063"
1372,007104,0,TEUSAQUILLO,"-74,072637512","4,622612608151787"
1373,001355,0,LAS GUACAMAYAS I,"-74,0959316215","4,554889330649588"
1374,004594,0,SAN ANTONIO,"-74,19759097849999","4,625412492651888"
1375,002561,0,CORDILLERA DEL SUR,"-74,1534750845","4,539903431149098"
1377,002501,0,SAN CARLOS,"-74,13171494","4,56626881164994"
1379,009249,0,VEREDA SUBA NARANJOS,"-74,0818952535","4,725327005655126"
1380,004207,0,GORGONZOLA,"-74,10334575300001","4,622987247151805"
1381,004570,0,ANTONIA SANTOS,"-74,18831681200001","4,610894541151401"
1382,009227,0,LECH WALESA,"-74,1009704875","4,728177692155228"
1384,004109,0,VERAGUAS,"-74,0975095135","4,602990230651165"
1385,005604,0,EL REAL,"-74,10254706450002","4,681362914653706"
1386,002640,0,EL PEDREGAL II,"-74,1101399335","4,520142886648448"
1387,008309,0,LA CABRERA,"-74,05019175999999","4,669098796653312"
1388,001432,0,DIANA TURBAY CULTIVOS,"-74,10461284750002","4,5426110291491835"
1389,105103,1,SAN PEDRO,"-74,158004981","4,665043565653161"
1390,006406,0,VILLEMAR,"-74,13972775299999","4,670282724153345"
1391,001115,0,MONTE CARLO,"-74,071776029","4,569062840150063"
1392,002534,0,CASA DE TEJA,"-74,1354631525","4,541496819149151"
1393,007307,0,MUEQUETA,"-74,0711012365","4,653077703152791"
1394,202506,2,EL NUEVO PORTAL II RURAL,"-74,09626210299999","4,489595990647448"
1395,201404,2,LA PEÑA RURAL,"-74,065227854","4,586097751150615"
1396,002540,0,ESTRELLA DEL SUR,"-74,14491489400001","4,544838585149266"
1399,004502,0,HIPOTECHO OCCIDENTAL,"-74,13433441149999","4,62164638615177"
1400,006516,0,TINTALÁ,"-74,15581007099999","4,648379389152614"
1401,006529,0,EL VERGEL ORIENTAL,"-74,143798215","4,648378563652615"
1402,104107,1,BELLA FLOR SUR RURAL,"-74,1632343325","4,539866743649096"
1403,005627,0,GARCÉS NAVAS,"-74,12046567349998","4,712863656654716"
1404,004542,0,ALQUERÍA LA FRAGUA NORTE,"-74,13284024450002","4,605352829151226"
1405,108112,1,PARAMO II RURAL,"-74,02345344150001","4,697376950654224"
1406,006212,0,SALAZAR GÓMEZ,"-74,11500005849999","4,632386895152106"
1407,002636,0,LA HUERTA,"-74,10200667449999","4,484330246147271"
1408,004532,0,LA CECILIA,"-74,175564936","4,60568474265123"
1409,002618,0,PUERTA AL LLANO DE USME,"-74,10305721","4,487920145147408"
1410,004529,0,CEMENTERIO JARDINES APOGEO,"-74,17193821449999","4,600961027151098"
1411,004631,0,EL CORZO,"-74,18967344149999","4,636387765652231"
1412,002597,0,LA FISCALA NORTE,"-74,11232837649999","4,537232808149009"
1413,001202,0,CIUDAD BERNA,"-74,091290628","4,585131398150559"
1414,002634,0,EL TUNO,"-74,110839723","4,486046968147324"
1415,001324,0,EL PINAR,"-74,08756924600002","4,536256146148978"
1416,006527,0,INTERINDUSTRIAL,"-74,13063439750002","4,651567494152742"
1417,002558,0,VILLAS EL DIAMANTE,"-74,1538737905","4,55098524264945"
1418,002637,0,ARRAYANES VI,"-74,100052774","4,536495425648978"
1419,005683,0,QUIRIGUA I,"-74,1006485215","4,7118573961547"
1420,005404,0,LAS FERIAS,"-74,084274029","4,682980051153773"
1421,005501,0,PALO BLANCO,"-74,09441678349998","4,684145818153815"
1422,004597,0,SAN BERNARDINO I,"-74,20484527299999","4,606637106651261"
1423,002548,0,EL VIRREY,"-74,112679335","4,503171498147903"
1424,004539,0,GRAN COLOMBIANO,"-74,19885603350002","4,612327896651459"
1425,002511,0,LA PICOTA,"-74,1171876805","4,5476711796493365"
1426,006504,0,BAVARIA,"-74,13879342299998","4,63877999265234"
1427,002635,0,BRISAS DEL LLANO,"-74,10436662700002","4,486007872147359"
1428,004574,0,CHARLES DE GAULLE,"-74,20114324849999","4,606967998651267"
1429,002518,0,RONDA,"-74,141258408","4,565827905149929"
1430,001331,0,ALTOS DEL ZUQUE,"-74,0797379565","4,542231924649192"
1431,004549,0,NUEVA YORK,"-74,1401843605","4,605535678651227"
1432,004308,0,COLON,"-74,115941728","4,621580236651782"
1433,007407,0,LA AURORA,"-74,06739632450001","4,667002498153252"
1434,002629,0,EL NEVADO II,"-74,10571029299999","4,521974630648524"
1435,007402,0,JUAN XXIII,"-74,06366243650001","4,667418448653249"
1436,008310,0,EL RETIRO,"-74,05159656149999","4,666540625153203"
1437,004102,0,LA SABANA,"-74,08715944100001","4,607926366651328"
1438,002557,0,JUAN JOSÉ RONDÓN,"-74,15314251249998","4,563006492649841"
1439,004511,0,CIUDAD KENNEDY CENTRAL,"-74,152206621","4,6220368576517785"
1442,009122,0,LAS VILLAS,"-74,071829683","4,715639105154799"
1444,208108,2,SAN ISIDRO RURAL,"-74,01964094050001","4,663997621153131"
1446,002405,0,ESCUELA GENERAL SANTANDER,"-74,1323956455","4,589826048650709"
1447,001358,0,CHIGUAZA URBANO,"-74,08122338999999","4,535092713148949"
1448,205319,2,SAN BERNARDINO XIX,"-74,20636961000002","4,635531930152197"
1449,004555,0,PATIO BONITO II,"-74,1653324435","4,636100751652211"
1450,004305,0,LA PRADERA,"-74,12102795700002","4,625299518151898"
1451,004579,0,ESCOCIA,"-74,18751293099999","4,625467681651884"
1452,006423,0,EL TINTAL CENTRAL,"-74,13754702700001","4,665906045653212"
1453,001113,0,SAN BLAS II,"-74,07975864900001","4,5616627631498226"
1455,008424,0,SEGUNDO CONTADOR,"-74,0266517465","4,7130899306547285"
1456,006528,0,EL VERGEL,"-74,135836928","4,656128147152888"
1458,002527,0,LA CABANA,"-74,1082341165","4,511976081648184"
1459,006517,0,MARÍA PAZ,"-74,157882102","4,636453814152266"
1461,008510,0,ACACIAS USAQUÉN,"-74,033824033","4,723567090155069"
1462,006216,0,CIUDAD SALITRE NOR-ORIENTAL,"-74,10052898499998","4,645711029152556"
1464,005665,0,MARANDÚ,"-74,133490137","4,707180369154559"
1465,005111,0,LA ESMERALDA,"-74,09085043500002","4,647132093152601"
1466,007201,0,CAMPIN,"-74,07561592799999","4,64789934365262"
1467,002434,0,JERUSALÉN,"-74,15763825249999","4,57240714865015"
1468,001345,0,DONA LILIANA,"-74,093152202","4,510606157648122"
1470,005406,0,BONANZA,"-74,090323189","4,689581943153981"
1471,006312,0,MODELIA OCCIDENTAL,"-74,12517790800001","4,6667652816532375"
1472,005202,0,DOCE DE OCTUBRE,"-74,0736992745","4,669082036653293"
1473,005206,0,LA LIBERTAD,"-74,07765922549999","4,676582555653552"
1474,001306,0,SAN PEDRO,"-74,08465581499999","4,563851403649874"
1475,001110,0,SAN JAVIER,"-74,0843496345","4,579949976650417"
1476,005102,0,POPULAR MODELO,"-74,08159068500001","4,6659287736531905"
1477,008418,0,SAN PATRICIO,"-74,049637174","4,694971119654146"
1478,005658,0,VILLA SAGRARIO,"-74,1214861675","4,704622945654436"
1479,004635,0,SAN BERNARDINO II,"-74,1974781445","4,636816998152224"
1480,001106,0,SAN BLAS,"-74,083606326","4,567604542649994"
1481,001322,0,SAN RAFAEL USME,"-74,08348520800001","4,529492910148743"
1482,001334,0,LAS GAVIOTAS,"-74,08262452849999","4,532321485148836"
1483,009236,0,LA CAROLINA DE SUBA,"-74,10545040599999","4,728264877655208"
1484,005640,0,BOLIVIA ORIENTAL,"-74,109014758","4,7197640066549695"
1486,005644,0,BOCHICA II,"-74,109202788","4,715672591654833"
1488,006106,0,EL LISTON,"-74,083366229","4,611288788151417"
1489,001425,0,GRANJAS DE SANTA SOFIA,"-74,11212757499999","4,571174884650096"
1490,001406,0,SAN ISIDRO,"-74,1002900705","4,56630839714996"
1491,006510,0,VILLA ALSACIA II,"-74,1357637975","4,643192124152459"
1492,102602,1,CENTRO USME RURAL I,"-74,12193895849998","4,476223908647025"
1493,006501,0,COOPERATIVA DE SUB-OFICIALES,"-74,13262186449998","4,639246090652325"
1494,104118,1,CIUDAD BOLÍVAR RURAL III,"-74,16198331449999","4,557105406649658"
1495,005401,0,POTOSÍ,"-74,07779681099998","4,698701383654273"
1496,009109,0,NIZA SUR,"-74,076250585","4,706352886654503"
1497,001102,0,BUENOS AIRES,"-74,081293474","4,578418613650374"
1499,001434,0,CARMEN DEL SOL,"-74,11342459049999","4,563129585649862"
1500,001317,0,PUENTE COLORADO,"-74,0828433465","4,541941023149159"
1501,001320,0,NUEVA GLORIA,"-74,08942079149998","4,540667869149125"
1502,001329,0,EL PARAÍSO,"-74,091893774","4,541025634149131"
1503,006215,0,PUENTE ARANDA,"-74,10651299400001","4,632806234152134"
1504,007208,0,BANCO CENTRAL,"-74,0703986645","4,642477713152445"
1505,002545,0,EL SATÉLITE,"-74,14741815000002","4,568468697650007"
1506,002627,0,LA REFORMA,"-74,1044878475","4,500679310147829"
1507,001328,0,SANTA RITA SUR ORIENTAL,"-74,09302111099998","4,539049312649066"
1508,004558,0,CAMPO HERMOSO,"-74,164776896","4,640432520652356"
1509,006502,0,MARSELLA,"-74,13060561650002","4,635554636152207"
1510,002512,0,ÁREA ARTILLERÍA,"-74,1281881765","4,551945968149502"
1514,201503,2,SIBERIA  II,"-74,05844386500002","4,631770709152111"
1515,004512,0,TIMIZA,"-74,15024549","4,616106948151591"
1516,004510,0,CIUDAD KENNEDY ORIENTAL,"-74,1474911585","4,621234225151741"
1517,008417,0,SANTA BARBARA OCCIDENTAL,"-74,04894264250001","4,701546852154369"
1518,008307,0,CHICO NORTE,"-74,0494466275","4,676273662653529"
1519,005506,0,JARDÍN BOTÁNICO,"-74,10157277249999","4,662207517653087"
1520,004309,0,LA CAMELIA,"-74,118311302","4,610740748651384"
1521,005673,0,PUEBLO VIEJO,"-74,15419831649999","4,709049125654607"
1522,007405,0,ONCE DE NOVIEMBRE,"-74,070931064","4,668393031153278"
1523,006311,0,MODELIA,"-74,1157440485","4,666195574653201"
1525,202502,2,EL UVAL,"-74,10264740550002","4,485148472147302"
1526,002509,0,SAN BENITO,"-74,135519233","4,563790562649878"
1527,002593,0,TUNJUELITO,"-74,1242834535","4,511703248148184"
1528,008413,0,SANTA BARBARA ORIENTAL,"-74,03155803300001","4,698561012154293"
1529,002625,0,ARRAYANES V,"-74,1024140465","4,535136307148956"
1530,001111,0,SANTA ANA SUR,"-74,08509287749999","4,577004813650303"
1531,001107,0,LAS MERCEDES,"-74,08058413500001","4,566914316149987"
1532,002437,0,LA PRADERA,"-74,1620662935","4,572223078650155"
1534,002102,0,SAN ANTONIO,"-74,094119458","4,589461956650684"
1535,002542,0,SERRANÍAS,"-74,113991309","4,499003892147756"
1536,001413,0,LA RESURRECCIÓN,"-74,111428036","4,566440975649966"
1537,004583,0,ARGELIA II,"-74,18446147050003","4,613994265151515"
1540,002403,0,VENECIA OCCIDENTAL,"-74,1432183545","4,591086589650773"
1541,105325,1,SAN BERNARDINO XXV,"-74,2140624125","4,636286058152233"
1543,208110,2,SAN LUIS ALTOS DEL CABO RURAL,"-74,02561691350002","4,671052555653384"
1544,002410,0,PARQUE EL TUNAL,"-74,13605963449999","4,571803153650144"
1545,002404,0,VENECIA,"-74,13816032600002","4,591792852150784"
1546,001319,0,LA GLORIA ORIENTAL,"-74,0911230525","4,545569649649293"
1547,108108,1,PARAMO II,"-74,01923528699999","4,661020825153022"
1548,008411,0,RINCÓN DEL CHICO,"-74,04504348699999","4,6868813271538965"
1549,008404,0,BELLA SUIZA,"-74,03069887250001","4,707378642154531"
1550,005108,0,CIUDAD UNIVERSITARIA,"-74,0856925125","4,638530511652304"
1551,004541,0,EL PARAÍSO BOSA,"-74,16847437549998","4,641074941652414"
1553,002544,0,LOS LAURELES II,"-74,1521183975","4,571785190150128"
1554,008211,0,JUAN XXIII,"-74,05422892349998","4,647003573152594"
1555,006306,0,GRANJAS DE TECHO,"-74,11685800800001","4,642401481652409"
1556,005117,0,RAFAEL NÚÑEZ,"-74,08719639649999","4,643366174652484"
1557,004596,0,ALQUERÍA LA FRAGUA II,"-74,139722038","4,599895028651039"
1558,004567,0,VILLAS DEL PROGRESO,"-74,2016153575","4,623955485651843"
1559,004537,0,CASABLANCA,"-74,1709911595","4,615909751151577"
1560,004564,0,TAIRONA,"-74,157811931","4,640470135652381"
1561,004212,0,TIBANÁ,"-74,10702352749999","4,6108197726514195"
1562,008402,0,COUNTRY CLUB,"-74,041684215","4,712694874154712"
1563,008401,0,LA CALLEJA,"-74,04818285299999","4,711555225654665"
1564,005667,0,CENTRO ENGATIVÁ II,"-74,13671967600001","4,712114466154681"
1565,005308,0,RIONEGRO,"-74,065882029","4,683968018653786"
1566,006515,0,VALLADOLID,"-74,14697595849998","4,645755521152558"
1567,002552,0,JUAN PABLO II,"-74,15005827050001","4,554462903649565"
1569,202410,2,TOCAIMITA ORIENTAL,"-74,09507894750001","4,501567744147847"
1571,009263,0,VILLA ALCÁZAR,"-74,0859246455","4,722888473155065"
1572,005630,0,CIUDAD BACHUÉ,"-74,10075173850001","4,718021565654906"
1573,008513,0,LISBOA,"-74,036083171","4,715491584154821"
1574,008315,0,CHICO NORTE III SECTOR,"-74,05325587249999","4,683178064653763"
1575,008412,0,SANTA BIBIANA,"-74,05151408649999","4,689315977653964"
1576,008414,0,SANTA ANA OCCIDENTAL,"-74,03763625100001","4,689675284153979"
1577,009127,0,ANDES NORTE,"-74,0680905595","4,692560804654068"
1578,005403,0,JULIO FLÓREZ,"-74,07566887799999","4,691071435154013"
1579,004531,0,MANDALAY,"-74,1438928035","4,62878307565199"
1581,001428,0,CERROS DE ORIENTE,"-74,10558807449999","4,555120883649588"
1584,204106,2,NUEVA ESPERANZA,"-74,1635177055","4,547067944149352"
1585,204107,2,EL MIRADOR II,"-74,15983566950001","4,547577208149352"
1586,004634,0,CAÑAVERALEJO,"-74,198144493","4,641342463652395"
1587,009115,0,IBERIA,"-74,06965569050001","4,727031799155191"
1588,005661,0,LUIS CARLOS GALÁN,"-74,09770979550001","4,715857346154802"
1589,008202,0,EMAÚS,"-74,055011132","4,652767498652771"
1590,005654,0,GRAN GRANADA,"-74,125533531","4,719138878154931"
1591,004528,0,PASO ANCHO,"-74,19345504450001","4,611501195151419"
1592,005304,0,LA CASTELLANA,"-74,0614309945","4,683273693653751"
1593,004544,0,LAS DELICIAS,"-74,14510390550001","4,59916329215104"
1594,002507,0,ABRAHAM LINCOLN,"-74,124339185","4,557887608149704"
1595,002632,0,LA REQUILINA,"-74,12018376400002","4,479140192647101"
1596,006505,0,PIO XII,"-74,14934100000002","4,635456052152232"
1597,002304,0,SANTIAGO PÉREZ,"-74,10999083549999","4,586764532650639"
1598,105318,1,SAN BERNARDINO XVIII,"-74,20814483999999","4,618831970151671"
1599,002613,0,EL PROGRESO USME,"-74,10299976299999","4,496706520147692"
1600,008425,0,GINEBRA II,"-74,025441366","4,705733397154511"
1601,002541,0,GRANADA SUR,"-74,122942016","4,518041438148392"
1602,005636,0,ENGATIVÁ ZONA URBANA,"-74,140152368","4,714387044654778"
1603,006533,0,EL TINTAL III,"-74,15092014500001","4,654611320152849"
1604,006418,0,PUENTE GRANDE,"-74,16488651950002","4,69426245215413"
1605,006503,0,VISIÓN DE ORIENTE,"-74,13492853600002","4,651123915652716"
1606,002520,0,LAS MANAS,"-74,16587350750001","4,567187912149994"
1607,002565,0,PARAÍSO QUIBA,"-74,1622837935","4,552139830149487"
1608,001419,0,CALLEJÓN SANTA BARBARA,"-74,11378678450001","4,557399647149679"
1609,006405,0,FERROCAJA FONTIBÓN,"-74,130395158","4,67217918065343"
1610,205308,2,CAÑAVERALEJO RURAL,"-74,2022830905","4,643732658152485"
1611,004101,0,RICAURTE,"-74,09288569","4,608548732651328"
1612,001431,0,LA RESURRECCIÓN I,"-74,10936503049999","4,566075000149965"
1614,001321,0,SAN MARTIN SUR,"-74,09904694","4,551341228149482"
1615,002508,0,TUNJUELITO,"-74,128489852","4,562401341649823"
1616,002506,0,GRAN YOMASA,"-74,1116546755","4,508275596648065"
1617,002504,0,COMPARTIR,"-74,14688287499999","4,556895174149626"
1618,002571,0,ANTONIO JOSÉ DE SUCRE,"-74,11429553349998","4,492511250647556"
1619,004209,0,SANTA MATILDE,"-74,10833960449997","4,601340223151093"
1621,004301,0,SAN RAFAEL INDUSTRIAL,"-74,11127720850001","4,624974279651875"
1622,003215,0,SAN FRANCISCO RURAL,"-74,06723391","4,592773004150802"
1623,007306,0,BAQUERO,"-74,0687974745","4,652537558652765"
1624,005113,0,PAULO VI,"-74,08879887449999","4,650570861152707"
1625,008214,0,CHAPINERO NORTE,"-74,06142716599999","4,650463796152693"
1626,002528,0,SANTA LIBRADA NORTE,"-74,1136942485","4,51666316614834"
1627,001409,0,LAS LOMAS,"-74,10266486","4,562779516149822"
1628,004575,0,LOS LAURELES,"-74,20306898700002","4,614490772651532"
1629,004409,0,ALQUERÍA,"-74,133516773","4,599622362151033"
1630,005631,0,CIUDAD BACHUÉ I ETAPA,"-74,1031160855","4,715348682654788"
1631,002610,0,CHAPINERITO,"-74,10369964750001","4,504165191147932"
1632,004615,0,OSORIO XII,"-74,180791822","4,6428164341524445"
1633,004628,0,BETANIA,"-74,17923505350001","4,627077935151926"
1634,004624,0,LA VEGA SAN BERNARDINO,"-74,207364899","4,619972320651686"
1635,004627,0,GALÁN,"-74,172331082","4,648732474652622"
1636,009124,0,PUENTE LARGO,"-74,06656680649999","4,6971020786542095"
1637,005621,0,FLORIDA BLANCA,"-74,112541577","4,694578981154138"
1638,009108,0,CIUDAD JARDÍN NORTE,"-74,07087260349999","4,722125970155039"
1639,001104,0,MOLINOS DE ORIENTE,"-74,06937514700002","4,567598045149982"
1640,003108,0,LA CAPUCHINA,"-74,07714646","4,604831884151204"
1641,001332,0,VILLABEL,"-74,09566170349999","4,537579585149025"
1642,004592,0,SAN MARTIN,"-74,1879402715","4,628739578151986"
1643,002611,0,CHARALÁ,"-74,107671227","4,501964477647857"
1644,007103,0,LA MAGDALENA,"-74,07080147600001","4,628286885151967"
1645,101309,1,LA ARBOLEDA RURAL,"-74,07474105999998","4,533586094148879"
1646,001407,0,SURAMÉRICA,"-74,09614837500001","4,566118747149944"
1647,002428,0,PRIMAVERA II,"-74,1804300345","4,593395390650847"
1648,002615,0,LA ESPERANZA DE USME,"-74,11063530500002","4,49323929614756"
1649,004518,0,TIMIZA A,"-74,15279366000001","4,609882056151382"
1650,005104,0,EL ROSARIO,"-74,0815934375","4,655439817652855"
1651,007310,0,LA PAZ,"-74,07472366349998","4,6597744016529905"
1652,005203,0,SAN FERNANDO,"-74,07811618599999","4,669363823653309"
1653,004505,0,PROVIVIENDA OCCIDENTAL,"-74,145156096","4,612822950151478"
1654,002620,0,EL NUEVO PORTAL II,"-74,10049280850001","4,491031854647501"
1655,002101,0,LA FRAGUITA,"-74,0994754845","4,592292658150798"
1656,004412,0,REMANSO SUR,"-74,1158965715","4,601405273151087"
1657,004625,0,EL REMANSO I,"-74,20045303650002","4,620194136651687"
1658,005109,0,CENTRO ADMINISTRATIVO OCC.,"-74,09422700250002","4,6433076526524655"
1659,007203,0,CHAPINERO OCCIDENTAL,"-74,06684839349998","4,645404808652522"
1660,001402,0,GUSTAVO RESTREPO,"-74,10813379199999","4,576231411150264"
1661,004633,0,SANTA FE BOSA,"-74,1941951535","4,6370022951522625"
1662,006518,0,OSORIO III,"-74,1666171455","4,648240157652623"
1663,004551,0,HIPOTECHO SUR,"-74,12656693900001","4,623653055651825"
1664,205101,2,VEREDA EL TINTAL URBANO,"-74,149513778","4,6538329921527986"
1665,205102,2,VEREDA EL TINTAL,"-74,13813164800001","4,660489332153022"
1666,005112,0,PARQUE DISTRITAL SALITRE,"-74,08329083199999","4,660820704153037"
1667,002438,0,SIERRA MORENA,"-74,16341504600001","4,5797534636503965"
1669,001309,0,SAN VICENTE,"-74,08838470449999","4,5552007051495975"
1670,004206,0,SAN FRANCISCO,"-74,11022218699998","4,621090232151743"
1672,002205,0,SANTA LUCIA,"-74,1257502345","4,573689029650172"
1673,002306,0,BRAVO PÁEZ,"-74,12084497150002","4,585480873150603"
1675,201105,2,EL REFUGIO I,"-74,041715159","4,668210232653275"
1676,002201,0,OLAYA,"-74,1067493525","4,581569043150459"
1677,002203,0,QUIROGA CENTRAL,"-74,11618914350001","4,579507990650406"
1678,002105,0,SANTANDER,"-74,10952974","4,592436110650827"
1679,002303,0,CENTENARIO,"-74,10790733249999","4,586191175650608"
1680,002310,0,MURILLO TORO,"-74,11774592199998","4,585364602150577"
1681,006411,0,CHARCO URBANO,"-74,1689194665","4,69720728615423"
1682,002411,0,ISLA DEL SOL,"-74,15116165750001","4,591112833650774"
1683,002612,0,LA COMUNA,"-74,100835776","4,500845788147845"
1684,001424,0,BARCELONA SUR,"-74,103982148","4,5649960346499245"
1685,001303,0,CÓRDOBA,"-74,09100152100001","4,564909850649933"
1686,004569,0,JOSÉ ANTONIO GALÁN,"-74,1794577245","4,607332781651287"
1687,005601,0,EL MINUTO DE DIOS,"-74,0893463315","4,700248739654329"
1690,002427,0,GALICIA,"-74,17123442900001","4,59135436465078"
1691,002417,0,BARLOVENTO,"-74,1667165815","4,5917300401508"
1692,002424,0,RINCÓN DE GALICIA,"-74,17424184949999","4,587576258650656"
1693,002448,0,PERDOMO ALTO,"-74,173826765","4,5861112311505945"
1694,102603,1,CENTRO USME RURAL II,"-74,12374986200001","4,467225220646739"
1695,009218,0,ALMIRANTE COLON,"-74,0871092045","4,715570749654804"
1696,002439,0,SIERRA MORENA,"-74,16765569450001","4,580252256150404"
1697,002444,0,SIERRA MORENA II,"-74,16790089100002","4,576238840650278"
1698,002532,0,QUINTAS DEL SUR,"-74,1397577555","4,5466428851493"
1699,006509,0,LUSITANIA,"-74,122227187","4,634836967152202"
1700,004554,0,PATIO BONITO,"-74,1613363445","4,63914499315233"
1701,006104,0,LA FAVORITA,"-74,07848617799999","4,61043798715138"
1702,004530,0,TIMIZA B,"-74,15717017649999","4,610487298151412"
1703,205225,2,LAS ACACIAS RURAL,"-74,178778602","4,651312668652725"
1704,002524,0,LA ANDREA,"-74,11285351500001","4,5129675681482135"
1705,009204,0,EL RINCÓN NORTE,"-74,090800656","4,728708390155253"
1706,002616,0,EL NUEVO PORTAL,"-74,10246633199998","4,492610391147556"
1707,004642,0,ISLANDIA,"-74,194760116","4,616245137651575"
1710,002575,0,CERRO COLORADO,"-74,15742773050002","4,5614474331498105"
1714,001315,0,ALTAMIRA,"-74,0862164955","4,541238902649139"
1715,001325,0,JUAN REY (LA PAZ),"-74,089879352","4,524659659148609"
1716,008405,0,GINEBRA,"-74,02668017300002","4,710074216654645"
1718,008509,0,LOS CEDROS ORIENTAL,"-74,02923570250002","4,723309264655084"
1719,101307,1,TIHUAQUE RURAL,"-74,08063773500001","4,502348033147879"
1720,002521,0,LUCERO ALTO,"-74,14028614099999","4,557941820649701"
1721,002514,0,MEISSEN,"-74,13557440300002","4,559251654649731"
1722,002587,0,BRISAS DEL VOLADOR,"-74,1551151205","4,546711505149307"
1723,001304,0,BELLO HORIZONTE,"-74,09315499850001","4,5617363256497985"
1724,004303,0,BARCELONA,"-74,11502230400001","4,618056261151664"
1725,005637,0,VILLA GLADYS,"-74,13738659399999","4,707820305154577"
1726,003106,0,CENTRO ADMINISTRATIVO,"-74,0764953005","4,596590053650941"
1727,005672,0,LAS NAVETAS,"-74,15852253899999","4,706084242154511"
1728,006408,0,EL CARMEN FONTIBÓN,"-74,15034443899998","4,676236764653542"
1729,001114,0,VELÓDROMO,"-74,08773415850001","4,573275693150183"
1730,004580,0,BOSA NOVA EL PORVENIR,"-74,18976085149998","4,621643244651765"
1731,002449,0,ESPINO I,"-74,17751755549997","4,583261379150533"
1733,005207,0,METRÓPOLIS,"-74,08165241649999","4,680775765153683"
1734,005502,0,LA ESTRADA,"-74,093504991","4,6783578951536136"
1735,005310,0,ESCUELA MILITAR,"-74,07049466500001","4,679623454653664"
1738,002443,0,LA PRIMAVERA I,"-74,17452474500001","4,5906106536507405"
1740,008511,0,CEDRO NARVÁEZ,"-74,03441063","4,721511542155015"
1742,105314,1,EL CORZO RURAL,"-74,19811283450002","4,6479486071526095"
1744,005647,0,VILLAS DE GRANADA,"-74,12573246899998","4,715028385154781"
1746,008410,0,ESCUELA DE INFANTERÍA,"-74,040157187","4,684152552153796"
1747,008409,0,ESCUELA DE CABALLERÍA I,"-74,03308235649999","4,684833957653835"
1748,006506,0,CASTILLA,"-74,1435942235","4,639352036152333"
1749,001430,0,VILLA DE LOS ALPES I,"-74,0988449255","4,561662892149821"
1750,001109,0,LA MARÍA,"-74,08096849149999","4,575415324150258"
1751,102604,1,LA REQUILINA RURAL II,"-74,12241942200001","4,479862201147142"
1752,005307,0,LOS ANDES,"-74,071281545","4,685707435153827"
1753,006109,0,COLSEGUROS,"-74,08518131949998","4,620905064651732"
1754,002202,0,QUIROGA,"-74,11319997999999","4,5802689086504"
1755,001418,0,MARRUECOS,"-74,114106978","4,552780569149508"
1756,008111,0,CATALUÑA,"-74,06371466649998","4,628654064151977"
1757,006101,0,FLORIDA,"-74,08018775349998","4,623694809151832"
1758,002559,0,LOS ALPES SUR,"-74,15391459","4,543832377149226"
1759,004307,0,SAN GABRIEL,"-74,11785062050001","4,6231389436517905"
1760,008102,0,PARQUE NACIONAL,"-74,0615049255","4,622023885651776"
1761,006205,0,INDUSTRIAL CENTENARIO,"-74,09473370500001","4,623818383151817"
1762,006512,0,VILLA ALSACIA,"-74,126898189","4,643650727152469"
1763,002554,0,GIBRALTAR SUR,"-74,142470694","4,5559077741496345"
1765,004204,0,MONTES,"-74,11487736199999","4,610458473151385"
1766,004582,0,RENANIA URAPANES,"-74,14742107800001","4,604751209651203"
1767,002451,0,SAN ANTONIO DEL MIRADOR,"-74,173280799","4,580628476150439"
1768,008515,0,LOS CEDROS,"-74,04650304749998","4,7239075766550975"
1769,004595,0,CHICO SUR,"-74,1932393415","4,623711885651828"
1770,005115,0,PARQUE POPULAR SALITRE,"-74,089561599","4,665557132153195"
1771,006203,0,LA FLORIDA OCCIDENTAL,"-74,087273136","4,623089780651789"
1772,006110,0,USATAMA,"-74,082820526","4,6214554836517525"
1773,008408,0,SANTA ANA,"-74,0298970135","4,686449764153872"
1774,006511,0,LA PAMPA,"-74,138806542","4,652131627152743"
1775,001333,0,ALTOS DEL POBLADO,"-74,086988325","4,548816562149373"
1776,001311,0,LA GLORIA OCCIDENTAL,"-74,0967808325","4,547670649649374"
1777,004105,0,EDUARDO SANTOS,"-74,0899133335","4,594762170150877"
1778,001403,0,HOSPITAL SAN CARLOS,"-74,10843707149999","4,5708847186501025"
1779,002435,0,EL CHIRCAL SUR,"-74,144872367","4,570292001650097"
1780,001410,0,MARCO FIDEL SUAREZ,"-74,12005295050002","4,569152327150036"
1781,002503,0,LA AURORA,"-74,12093923750001","4,523461245148557"
1782,002505,0,NUEVO SAN ANDRÉS,"-74,12000771450002","4,525468810148633"
1783,105210,1,OSORIO X,"-74,18597386800002","4,645783316652544"
1784,001423,0,ARBOLEDA SUR,"-74,11870600649999","4,562615645149831"
1785,004316,0,LAS MARGARITAS,"-74,17546922049999","4,631243943152061"
1786,004609,0,LOS ALMENDROS,"-74,17562486100002","4,646738592152568"
1787,004607,0,CIUDAD DE CALI,"-74,17237919549999","4,640986150152395"
1788,004612,0,DINDALITO,"-74,17521841000001","4,640658735152364"
1789,004626,0,LAS ACACIAS,"-74,1776082225","4,64984307365267"
1790,004601,0,CALANDAIMA,"-74,1671695005","4,6435190101524775"
1791,004614,0,DINDALITO,"-74,1726804205","4,635387443152221"
1793,005634,0,EL CORTIJO,"-74,1186987355","4,728090259155223"
1794,007106,0,ESTRELLA,"-74,07691718250001","4,621422138151766"
1795,004590,0,SAN BERNARDINO XXV URBANO,"-74,21837650450001","4,623499117651839"
1796,007209,0,ALFONSO LÓPEZ,"-74,07346877200001","4,638641522152317"
1798,004577,0,SAN BERNARDINO XXII URBANO,"-74,214655824","4,625936683651884"
1800,001209,0,MODELO SUR,"-74,085582795","4,586153232650615"
1801,008313,0,LAGO GAITÁN,"-74,058438911","4,666077817153207"
1802,007105,0,ARMENIA,"-74,07259491900001","4,618160892151639"
1803,005664,0,EL DORADO,"-74,12152151699999","4,734782050155449"
1804,002631,0,EL NEVADO,"-74,1113769705","4,527031503648658"
1805,002551,0,ALASKA,"-74,11099514099999","4,52985882714877"
1806,004562,0,LLANO GRANDE,"-74,1633332925","4,632686251652107"
1807,007102,0,SANTA TERESITA,"-74,07151036100001","4,6313481831520775"
1808,006207,0,BATALLÓN CALDAS,"-74,10321918100001","4,6303505406520635"
1810,005620,0,FLORENCIA,"-74,10849520949998","4,700115011654314"
1811,009130,0,CANÓDROMO,"-74,05635100400002","4,7107156711546585"
1813,005680,0,VILLA DEL MAR,"-74,122249644","4,699590270154314"
1815,005682,0,CIUDAD BACHUÉ II,"-74,101944463","4,716878501654847"
1816,002586,0,YOMASA NORTE,"-74,121978393","4,5006745646478254"
1817,009112,0,NIZA SUBA,"-74,079103266","4,722531754155032"
1818,004403,0,AUTOPISTA MUZÚ,"-74,12317755799998","4,598073750151018"
1819,006420,0,LA GIRALDA,"-74,14125488799999","4,678859117653646"
1820,005201,0,JORGE ELIECER GAITÁN,"-74,0725057365","4,676228500653538"
1821,008419,0,ESCUELA DE CABALLERÍA II,"-74,03738532","4,680813429153668"
1822,002440,0,SIERRA MORENA,"-74,17010459549999","4,576680046650296"
1823,006206,0,EL EJIDO,"-74,10253157700001","4,624464124651858"
1824,108114,1,PARAMO III RURAL,"-74,02909735350002","4,680920112653681"
1825,005684,0,QUIRIGUA II,"-74,10596281","4,709052961654592"
1826,005116,0,PABLO VI NORTE,"-74,08768073600001","4,655381138152855"
1827,003211,0,GIRARDOT,"-74,074314058","4,586500409150608"
1828,003201,0,SAN BERNARDINO,"-74,0849771215","4,5931306676508274"
1829,002204,0,QUIROGA SUR,"-74,12058687349997","4,578504014650353"
1830,007304,0,CONCEPCIÓN NORTE,"-74,06377311","4,6575765701529335"
1834,006103,0,SANTA FE,"-74,0775440775","4,615878571151573"
1835,004552,0,GUALOCHE,"-74,1823566445","4,600485193651066"
1836,004576,0,CASA BLANCA SUR,"-74,17163061000002","4,61804510565163"
1837,006409,0,BELÉN FONTIBÓN,"-74,15017890499999","4,6816724436537065"
1838,001207,0,NARIÑO SUR,"-74,0876301305","4,581670538150455"
1839,002564,0,EL MINUTO DE MARÍA,"-74,14236214350001","4,53581054714895"
1840,002580,0,BELLA FLOR,"-74,16081893499998","4,545268762149277"
1841,204128,2,QUIBA RURAL,"-74,142761283","4,533521616648886"
1842,006105,0,SAN VICTORINO,"-74,0806711715","4,606203444651241"
1843,001206,0,QUINTA RAMOS,"-74,08818582199999","4,578986506150377"
1844,002568,0,ARBORIZADORA ALTA,"-74,16341198750001","4,564968897649908"
1845,004515,0,TUNDAMA,"-74,14965188050002","4,601325553151109"
1846,006211,0,CUNDINAMARCA,"-74,09041281399999","4,6218385326517595"
1847,002588,0,EL MOCHUELO III URBANO,"-74,13480407699998","4,511953085648197"
1848,009202,0,EL RINCÓN,"-74,09246763600001","4,723405082655094"
1850,002450,0,PERDOMO ALTO,"-74,16656821000001","4,587061650650638"
1851,002433,0,EL PEÑÓN DEL CORTIJO,"-74,166233465","4,584689265150567"
1852,004535,0,CLASS,"-74,17833979900001","4,6139513221515"
1853,003204,0,BELÉN,"-74,0725714155","4,591556543150776"
1854,004525,0,PASTRANA,"-74,16693710800001","4,617651275651641"
1855,004210,0,JORGE GAITÁN CORTES,"-74,11102595900002","4,6076369721512975"
1856,009238,0,SANTA TERESA DE SUBA,"-74,0984022015","4,721138461155009"
1857,002420,0,LA CORUÑA,"-74,152394811","4,5782535901503465"
1859,201502,2,SIBERIA RURAL,"-74,05687301","4,631254074652066"
1860,008105,0,LA MACARENA,"-74,06525579999999","4,614170338151526"
1861,003107,0,SANTA INÉS,"-74,0811007945","4,598955259651024"
1862,004538,0,OLARTE,"-74,1656106065","4,600606607151076"
1863,004202,0,COMUNEROS,"-74,1023982705","4,607307089151283"
1864,004208,0,LOS EJIDOS,"-74,098893153","4,617772325151607"
1865,002590,0,LA FISCALA,"-74,111066238","4,532380204148842"
1866,006201,0,EL RECUERDO,"-74,08749963899999","4,631731146152111"
1867,007101,0,LA SOLEDAD,"-74,075961398","4,629214991152006"
1868,001211,0,POLICARPA,"-74,088664088","4,586967815150641"
1869,002436,0,BELLAVISTA,"-74,16090271250002","4,575281863650259"
1870,007206,0,BELALCÁZAR,"-74,077430639","4,638999150652339"
1871,002408,0,FÁTIMA,"-74,1381290885","4,587273780150643"
1872,004603,0,EL PARAÍSO,"-74,17062238050002","4,642574960652427"
1873,004613,0,PROVIVIENDA OCCIDENTAL,"-74,167824102","4,635668501652208"
1874,004604,0,BRASILIA,"-74,182075158","4,628545329651999"
1875,005648,0,VILLA AMALIA,"-74,1243151745","4,708505713154578"
1876,102707,1,OLARTE,"-74,12100623949999","4,443705299645948"
1877,002543,0,COMUNEROS,"-74,10941613649999","4,498145754647739"
1878,006301,0,SANTA CECILIA,"-74,11902124950001","4,675002003153502"
1879,004563,0,GUADALUPE,"-74,15539379650002","4,597512309650969"
1880,004406,0,OSPINA PÉREZ,"-74,12937607650002","4,5994745221510485"
1881,004533,0,EL RETAZO,"-74,194876059","4,606010952651266"
1882,004503,0,PROVIVIENDA ORIENTAL,"-74,13227360299999","4,6137935801514995"
1883,004211,0,BOCHICA,"-74,107545311","4,605111676151231"
1884,004504,0,PROVIVIENDA,"-74,13576001700002","4,612233301651452"
1885,001108,0,SAN CRISTÓBAL SUR,"-74,07872219200001","4,571048696650097"
1886,002560,0,BELLAVISTA LUCERO ALTO,"-74,145188284","4,547803355649361"
1887,008301,0,CHICO NORTE II SECTOR,"-74,04398773599999","4,680488963153662"
1888,006531,0,CIUDAD TECHO II,"-74,15087253800002","4,639521136152329"
1889,006521,0,SABANA GRANDE,"-74,15101824549998","4,668446932153282"
1890,002555,0,SAN JUAN BAUTISTA,"-74,11931126649998","4,513720526148262"
1892,105402,1,CHARCO RURAL,"-74,16849968","4,701095432654357"
1893,002307,0,INGLES,"-74,1230499035","4,584391947150543"
1894,002308,0,CLARET,"-74,12754431300002","4,583417542650519"
1895,004617,0,TINTALITO,"-74,17024121350002","4,630437337152065"
1896,004611,0,EL JAZMÍN,"-74,17827532800001","4,646080179652572"
1897,004605,0,CHICALÁ,"-74,18070865800001","4,62473789615186"
1898,205209,2,EL JAZMÍN,"-74,1802103215","4,649663383652683"
1899,004619,0,CHUCUA DE LA VACA III,"-74,1639308915","4,629141923651991"
1900,004632,0,LA CABANA,"-74,19147767349997","4,6326004276521395"
1901,004593,0,LA LIBERTAD,"-74,19023779950001","4,628671413651989"
1902,004618,0,DINTALITO,"-74,16923236199997","4,63347348415215"
1905,008514,0,EL CONTADOR,"-74,04421873999999","4,720255838654976"
1906,005666,0,LA FAENA,"-74,13482857100001","4,71625896865484"
1907,208126,2,SAN ISIDRO RURAL II,"-74,01766463800001","4,666446564153205"
1908,205221,2,GALÁN RURAL,"-74,17541874599999","4,653105552652806"
1909,102405,1,PEPINITOS,"-74,09483447399998","4,4981296401477415"
1910,009116,0,PRADO VERANIEGO NORTE,"-74,06282030949998","4,720117248654968"
1912,005503,0,BELLAVISTA OCCIDENTAL,"-74,08935418749999","4,67645435265352"
1913,001205,0,SOSIEGO,"-74,09137093999999","4,576929576650295"
1914,002573,0,ARBORIZADORA ALTA,"-74,159235983","4,5675777446499986"
1915,205402,2,EL CHARCO,"-74,16961735999999","4,696342756654193"
1916,001420,0,EL PLAYÓN,"-74,12122734799999","4,561275415149807"
1918,001404,0,SOSIEGO SUR,"-74,09934599799999","4,573115358150174"
1919,001308,0,SANTA INÉS SUR,"-74,08725455349997","4,558904638649709"
1920,003109,0,VERACRUZ,"-74,07246030500002","4,603737391151191"
1921,001362,0,ARBOLEDA SANTA TERESITA,"-74,08558843200001","4,526980999148663"
1922,002311,0,VILLA MAYOR,"-74,12572703950002","4,589665044650728"
1923,002570,0,EL MIRADOR,"-74,15621830750001","4,552266359149487"
1924,003104,0,LA CONCORDIA,"-74,0695824945","4,597533229650962"
1925,008512,0,CEDRITOS,"-74,03509838050002","4,71930078965495"
1926,004201,0,PENSILVANIA,"-74,0975606785","4,612622190651457"
1927,008101,0,SAGRADO CORAZÓN,"-74,06763409550001","4,624955521651868"
1928,008518,0,CAOBOS SALAZAR,"-74,03666864500002","4,7292959836552715"
1929,202309,2,EL BOSQUE SUR ORIENTAL RURAL III,"-74,0810900925","4,473325050646924"
1930,201108,2,EL REFUGIO II,"-74,04409064949999","4,664215670653147"
1931,108113,1,BOSQUE DE PINOS III RURAL,"-74,02060509950002","4,7286542421552475"
1932,005504,0,LA ESTRADITA,"-74,09263925900001","4,672617559153423"
1934,008314,0,ANTIGUO COUNTRY,"-74,0569665495","4,671665461653383"
1935,002538,0,USMINIA,"-74,11567135749999","4,493847024147586"
1936,002530,0,QUIBA,"-74,14239499600001","4,538854288149045"
1937,004203,0,LA ASUNCIÓN,"-74,10439702300002","4,602897839651153"
1938,002633,0,LAS VIOLETAS,"-74,080912036","4,498932378147769"
1939,003212,0,LOURDES,"-74,074035624","4,588535052650673"
1940,001414,0,MOLINOS DEL SUR,"-74,11841998850002","4,555946462649594"
1941,005510,0,EL LAUREL,"-74,09646498800001","4,681021077653687"
1942,105223,1,OSORIO XXIII,"-74,1895984555","4,649471123152651"
1943,205316,2,VILLA EMMA,"-74,20474502049998","4,621567407651766"
1944,006417,0,VILLA CARMENZA,"-74,151183513","4,681490477153721"
1945,005605,0,EL ENCANTO,"-74,1053569565","4,678529832653618"
1946,005205,0,SIMÓN BOLÍVAR,"-74,080020685","4,67876185615361"
1947,008403,0,LA CAROLINA,"-74,0377162655","4,708495971654603"
1948,002546,0,NACIONES UNIDAS,"-74,148910062","4,541360371149146"
1949,001330,0,CANADÁ O GÜIRA,"-74,09925314099999","4,54451951214924"
1950,001417,0,LOS MOLINOS,"-74,10977423700001","4,555546362649604"
1951,002531,0,CANDELARIA LA NUEVA,"-74,150428035","4,566879388149964"
1952,002516,0,MÉXICO,"-74,13612874200001","4,554482869149567"
1953,009118,0,BATAN,"-74,0630047805","4,7071130796545475"
1954,001327,0,LOS LIBERTADORES,"-74,088874282","4,532923328648874"
1955,004408,0,TEJAR,"-74,1290396025","4,606098139651255"
1956,004404,0,AUTOPISTA SUR,"-74,126399037","4,598644965151015"
1957,004581,0,TIMIZA C,"-74,15935520000002","4,61441300865153"
1958,002574,0,CEDRITOS DEL SUR,"-74,14557686750001","4,540128401649102"
1959,007204,0,QUESADA,"-74,0682046835","4,638892133652327"
1961,101201,1,HOYA TEUSACÁ,"-74,01309658949998","4,602839103151128"
1962,104128,1,EL MOCHUELO III,"-74,15102207599998","4,516941545648351"
1963,002426,0,SANTO DOMINGO,"-74,1772035125","4,5795938086504115"
1964,003203,0,SANTA BARBARA,"-74,078074348","4,59231844565082"
1965,002621,0,SAN FELIPE DE USME,"-74,0992555345","4,502214144147864"
1966,004104,0,LA ESTANZUELA,"-74,08725666000001","4,600902153151079"
1967,001103,0,VITELMA,"-74,0764948995","4,5761005426502805"
1968,009107,0,PRADO VERANIEGO,"-74,05561151500001","4,717324737154886"
1969,004520,0,LA PAZ BOSA,"-74,1857090565","4,615955411151564"
1970,003101,0,LA ALAMEDA,"-74,07346924250001","4,611162739651422"
1971,004310,0,PROVIVIENDA NORTE,"-74,125551736","4,613892988651505"
1972,004517,0,JACQUELINE,"-74,16245104000001","4,60867989765133"
1973,202404,2,SAN FELIPE DE USME RURAL,"-74,096330486","4,500833663147805"
1974,003102,0,LAS NIEVES,"-74,06997098","4,60758148865132"
1975,006413,0,SAN PABLO JERICÓ,"-74,15715853249998","4,688517582653933"
1976,102312,1,CIUDAD LONDRES RURAL,"-74,08470319949998","4,517049553148351"
1978,006407,0,GUADUAL FONTIBÓN,"-74,14419535649998","4,667666770653266"
1979,007303,0,COLOMBIA,"-74,06642225850001","4,6597008136529965"
1980,006315,0,LA ESPERANZA SUR,"-74,1173458355","4,657632961652945"
1981,002510,0,LA PICOTA ORIENTAL,"-74,11353295200001","4,544738334649262"
1982,201306,2,TIBAQUE I,"-74,07488971999999","4,559280221649713"
1983,002617,0,EL REFUGIO I,"-74,09815013300002","4,488516453147443"
1984,001323,0,NUEVA DELHI,"-74,08811298350003","4,52959115714876"
1985,007311,0,SIETE DE AGOSTO,"-74,0711017205","4,657731006152941"
1986,004536,0,EL RUBÍ,"-74,17629582150002","4,609397898151362"
1987,006316,0,BOSQUE DE MODELIA,"-74,123339706","4,672422164653414"
1988,005635,0,EL MADRIGAL,"-74,112803786","4,707995654654567"
1989,006524,0,LA MAGDALENA,"-74,15225897800002","4,660086331153012"
1990,204129,2,EL MOCHUELO II NORTE,"-74,14759537449999","4,531663547148854"
1991,001416,0,SAN AGUSTÍN,"-74,1092940995","4,5497260351494395"
1992,006202,0,GRAN AMÉRICA,"-74,08402515750001","4,62734800365195"
1993,006410,0,CENTRO FONTIBÓN,"-74,144169253","4,675583457153505"
1994,008302,0,SEMINARIO,"-74,03850778999998","4,674444561653476"
1995,005509,0,SAN JOAQUÍN,"-74,09903613999998","4,677550408153583"
1996,004616,0,OSORIO X URBANO,"-74,18438087800001","4,639861890152373"
1997,008416,0,MOLINOS NORTE,"-74,040124763","4,692385751654048"
1998,007305,0,LA ESPERANZA,"-74,0653737415","4,652984931152776"
1999,008319,0,EL BAGAZAL,"-74,04715123099999","4,655737768152864"
2000,005670,0,LA RIVIERA,"-74,13180265049999","4,7124108681546915"
2001,004568,0,JORGE URIBE BOTERO,"-74,177428969","4,623111610151803"
2002,003105,0,EGIPTO,"-74,06927374400001","4,5949907676508985"
2003,008312,0,ESPARTILLAL,"-74,05577312","4,664142395653137"
2004,007404,0,ALCÁZARES NORTE,"-74,06848477150001","4,665151812653175"
2005,008311,0,EL NOGAL,"-74,05243716300001","4,6628105241531035"
2006,001210,0,CALVO SUR,"-74,084023384","4,584679076650562"
2009,104130,1,BRAZUELOS OCCIDENTAL RURAL,"-74,1244537375","4,49492313214763"
2010,004523,0,JIMÉNEZ DE QUESADA,"-74,18455969499999","4,605065473151221"
2011,002301,0,EDUARDO FREY,"-74,1160033955","4,592179906650805"
2016,005610,0,LA GRANJA,"-74,09805158950002","4,6988498621542725"
2017,002409,0,NUEVO MUZÚ,"-74,148251778","4,587718286650637"
2018,002455,0,LA VALVANERA,"-74,1647985655","4,590130799650709"
2019,005641,0,SANTA MÓNICA,"-74,11674716049998","4,700738707154333"
2021,008213,0,CHAPINERO CENTRAL,"-74,063274364","4,644534926152513"
2022,005110,0,EL SALITRE,"-74,0982575075","4,652323064652755"
2023,002460,0,ARBORIZADORA ALTA I,"-74,15622397499999","4,5682088241500285"
2024,002523,0,LA ALAMEDA,"-74,13897421300001","4,549448640649411"
2025,002572,0,SALAZAR USME,"-74,11378520599999","4,518433750648406"
2026,002553,0,SUMAPAZ,"-74,146454893","4,554413261149574"
2028,002539,0,SAN RAFAEL,"-74,149026383","4,548068508649361"
2029,008308,0,EL CHICO,"-74,05142885250001","4,673869371653479"
2030,005305,0,LA PATRIA,"-74,06469776349999","4,676378018153551"
2031,005204,0,SAN FERNANDO OCCIDENTAL,"-74,08180639849999","4,674214611653462"
2032,105104,1,EL TINTAL,"-74,16351839500001","4,672336598153427"
2033,002402,0,SAN VICENTE FERRER,"-74,13957261049998","4,581380683150439"
2034,002407,0,EL CARMEN,"-74,13528709050001","4,581606503650438"
2035,002406,0,SAMORE,"-74,1333684725","4,58278526665049"
2036,002401,0,TUNAL ORIENTAL,"-74,13329047350001","4,575406994150273"
2037,002614,0,LA ORQUÍDEA DE USME,"-74,106703985","4,495937949647654"
2038,007301,0,LA MERCED NORTE,"-74,07351098450002","4,664910913153168"
2039,002413,0,MUZÚ,"-74,14522666100001","4,580317863650414"
2040,005101,0,JOSÉ JOAQUÍN VARGAS,"-74,08556073599999","4,671947639153426"
2041,002592,0,DESARROLLO BRAZUELOS,"-74,12011662450001","4,4928022306475786"
2043,104119,1,CIUDAD BOLÍVAR RURAL I,"-74,17211905650001","4,546170698149297"
2044,006209,0,QUINTA PAREDES,"-74,093940041","4,635255398152203"
2045,008212,0,MARLY,"-74,06528053299999","4,635903674152214"
2047,002517,0,LUCERO DEL SUR,"-74,14132802499998","4,55093577464946"
2048,005103,0,SAN MIGUEL,"-74,078722065","4,662111400153064"
2049,005615,0,LA SOLEDAD NORTE,"-74,1025454185","4,696989917154207"
2050,205318,2,SAN BERNARDINO XVIII,"-74,211436859","4,616353887651585"
2051,008104,0,LA PERSEVERANCIA,"-74,064316416","4,617946033151652"
2052,008109,0,SAN MARTIN,"-74,0673879785","4,617053655651583"
2053,004110,0,LA PEPITA,"-74,08956308949999","4,604769951651214"
2054,001401,0,SAN JOSÉ SUR,"-74,10195114849998","4,577470975650326"
2055,003210,0,RAMÍREZ,"-74,07587501149999","4,582363254150481"
2056,007401,0,POLO CLUB,"-74,06295661300001","4,67233108565343"
2057,002502,0,MILLÁN,"-74,1466307965","4,559383878649735"
2058,001201,0,SEVILLA,"-74,09082648649999","4,5887486986506705"
2061,006520,0,ZONA FRANCA,"-74,16058751449998","4,673058647653434"
2062,005508,0,LA CABANA,"-74,10140478050002","4,673744160153469"
2063,002453,0,CIUDAD BOLÍVAR,"-74,17135660350002","4,5608382436497825"
2064,005306,0,ENTRERIOS,"-74,07603081650001","4,681894792153726"
2065,004509,0,CIUDAD KENNEDY,"-74,14218800900002","4,6235882696517985"
2066,102506,1,PORTAL RURAL II,"-74,09693210200001","4,494080792647603"
2067,001338,0,LA BELLEZA,"-74,09313792949999","4,530847165648806"
2068,002622,0,TOCAIMITA ORIENTAL I,"-74,09799294000001","4,502195858647859"
2069,106301,1,ENGATIVÁ EL DORADO,"-74,1321167875","4,726522924655164"
2070,001314,0,SAN JOSÉ SUR ORIENTAL,"-74,0879939955","4,547460867149356"
2071,001208,0,LA HORTUA,"-74,0877420285","4,5894585056507164"
2072,005623,0,LOS ÁNGELES,"-74,120133931","4,696616590154219"
2073,008407,0,USAQUÉN,"-74,029270422","4,692957594654084"
2074,005609,0,TABORA,"-74,0992690235","4,693965516154135"
2075,007205,0,PALERMO,"-74,07189290349999","4,635076679152208"
2076,006508,0,LAS DOS AVENIDAS,"-74,14371885749998","4,6338283836521565"
2077,001408,0,VILLA DE LOS ALPES,"-74,09723019150002","4,559328914149749"
2078,008536,0,BOSQUE DE PINOS I,"-74,02527942","4,718626358654906"
2080,004108,0,SANTA ISABEL,"-74,09962854099999","4,599932815651038"
2081,007308,0,QUINTA MUTIS,"-74,0736135745","4,653486663652786"
2082,006532,0,KASANDRA,"-74,169487868","4,693019168654086"
2083,005603,0,BOYACÁ,"-74,09967817750001","4,6860638336538445"
2084,007202,0,SAN LUIS,"-74,071671724","4,6467371626525935"
2085,008110,0,EL PARAÍSO,"-74,05872913000002","4,627592701651948"
2086,204304,2,LAGUNITAS,"-74,14646091750001","4,505767477147992"
2087,005607,0,SAN IGNACIO,"-74,1153208735","4,676119919653532"
2088,005626,0,LOS ÁLAMOS,"-74,11786678499999","4,686916690153888"
2090,001337,0,SAN PEDRO SUR,"-74,08577123150002","4,507033750648031"
2093,002309,0,VILLA MAYOR ORIENTAL,"-74,12479717599999","4,59175974665079"
2094,001203,0,CARACAS,"-74,09283999350001","4,583430518150519"
2095,002513,0,LAS ACACIAS,"-74,14379720349999","4,562216556149833"
2096,001204,0,CIUDAD JARDÍN SUR,"-74,096529148","4,580360866650416"
2097,002209,0,QUIROGA I,"-74,1106507115","4,581108570150467"
2098,004111,0,EL PROGRESO,"-74,093100021","4,600956176151068"
2100,002595,0,LAGUNITAS URBANO,"-74,1466352315","4,5080896636480485"
2101,004543,0,ALQUERÍA LA FRAGUA,"-74,13691071150001","4,602299815651133"
2102,005649,0,VILLAS DE GRANADA I,"-74,1216393345","4,717944575654878"
2107,005622,0,BOLIVIA,"-74,114134895","4,7173583001548725"
2108,004548,0,TECHO,"-74,14761981199999","4,626884778151906"
2109,004584,0,SANTA CATALINA,"-74,1529876795","4,604981049151222"
2110,001405,0,VEINTE DE JULIO,"-74,09615428200001","4,570595647150103"
2111,001412,0,GRANJAS SAN PABLO,"-74,117193883","4,572331604650149"
2113,007107,0,LAS AMÉRICAS,"-74,07869678650002","4,628686634652007"
2114,002563,0,EL PEDREGAL,"-74,113669464","4,522314151148542"
2115,008114,0,PARQUE NACIONAL URBANO,"-74,06301177199998","4,60020919365107"
2116,007309,0,BENJAMÍN HERRERA,"-74,07623532149998","4,654071717652807"
2117,006308,0,FRANCO,"-74,12053493350001","4,650002120652662"
2118,004586,0,JIMÉNEZ DE QUESADA II SECTOR,"-74,18833620999999","4,607373960151314"
2119,002566,0,LA PAZ,"-74,114452755","4,5421850846491765"
2120,002549,0,VILLA GLORIA,"-74,152455288","4,550163491149439"
2121,001348,0,LA CABANA,"-74,091456126","4,513059975148228"
2122,008208,0,PARDO RUBIO,"-74,061502201","4,634706585152186"
2123,005675,0,BOLIVIA,"-74,127166681","4,7072146601545235"
2124,006319,0,TERMINAL DE TRANSPORTES,"-74,11461621500001","4,654085208652809"
2125,006313,0,SALITRE OCCIDENTAL,"-74,1090246295","4,651631276652752"
2126,007312,0,RAFAEL URIBE,"-74,06772029450002","4,655433494152854"
2128,004306,0,LA TRINIDAD,"-74,11809860899999","4,624849381651876"
2129,003209,0,EL DORADO,"-74,0728348515","4,580219267150401"
2130,004407,0,ALCALÁ,"-74,126436875","4,603005498151141"
2131,006107,0,PALOQUEMAO,"-74,08708548800001","4,615248473651526"
2132,008108,0,SAMPER,"-74,069434642","4,619095839151684"
2133,102407,1,TIBAQUE SUR,"-74,090457786","4,5040328136479335"
2134,004550,0,JOSÉ MARÍA CARBONEL,"-74,19693328","4,6026086806511355"
2135,006210,0,CENTRO NARIÑO,"-74,089731629","4,628834884651975"
2136,005107,0,ACEVEDO TEJADA,"-74,0818509865","4,6303113126520445"
2137,002522,0,EL MOCHUELO ORIENTAL,"-74,12686296299998","4,532744767148863"
2138,004106,0,EL VERGEL,"-74,095537226","4,596804769650928"
2139,008112,0,SUCRE,"-74,0663042185","4,629151352652007"
2140,002525,0,BARRANQUILLITA,"-74,11636794949999","4,523354397648545"
2141,007207,0,GALERÍAS,"-74,07473148400001","4,642985878652472"
2142,004508,0,CIUDAD KENNEDY OCCIDENTAL,"-74,1612536195","4,622424684151795"
2144,009105,0,PRADO PINZÓN,"-74,05468671349999","4,727102327655167"
2145,005650,0,CIUDADELA COLSUBSIDIO,"-74,11247684399999","4,727330548155225"
2146,009201,0,LOS NARANJOS,"-74,08643516200001","4,726413196655175"
2147,002445,0,CARACOLÍ,"-74,17134089449999","4,573341773650162"
2149,005679,0,SAN ANTONIO ENGATIVÁ,"-74,1275933645","4,702812352654419"
2150,006302,0,CAPELLANÍA,"-74,121009369","4,660966265653018"
2151,006303,0,LA ESPERANZA NORTE,"-74,11109182199999","4,660019622153004"
2152,007302,0,ALCÁZARES,"-74,070470339","4,662510580153096"
2153,005114,0,CAMPO EUCARÍSTICO,"-74,0945676305","4,658966026652969"
2154,204131,2,MOCHUELO ALTO URBANO,"-74,14819319949999","4,488905972647432"
2155,102122,1,LA REQUILINA RURAL,"-74,11460469400001","4,4703338946468465"
2156,104131,1,MOCHUELO ALTO RURAL,"-74,14726790099999","4,483039451647238"
2157,208111,2,SAN ISIDRO RURAL,"-74,01789825650002","4,669769934153345"
2158,002423,0,ESPINO,"-74,17289283299999","4,584048906150526"
2159,004566,0,PATIO BONITO III,"-74,16105767350001","4,643041346152452"
2160,009230,0,SAN CAYETANO,"-74,09665195849999","4,726195170655171"
2161,009106,0,SAN JOSÉ DEL PRADO,"-74,05844330900001","4,722632388655036"
2162,004401,0,SAN EUSEBIO,"-74,12414119000002","4,607469017151297"
2163,208104,2,PARAMO URBANO,"-74,02956315899999","4,674944875653484"
2169,003206,0,LA PENA,"-74,0665716165","4,5864446556506175"
2170,003207,0,LOS LACHES,"-74,0680347725","4,5858357216506125"
2171,002579,0,VILLA CANDELARIA,"-74,15324369200002","4,567928471649992"
2172,002591,0,BRAZUELOS OCCIDENTAL,"-74,12296838449998","4,496559939647691"
2173,002576,0,SERRANÍAS I,"-74,111730889","4,497796238147734"
2174,006519,0,MORAVIA,"-74,155398437","4,678376878653593"
2175,001426,0,SAN LUIS,"-74,10451066500002","4,567166933149968"
2176,002536,0,MONTEBLANCO,"-74,119425923","4,505163186647968"
2177,005668,0,VILLAS DE ALCALÁ,"-74,1312519745","4,71649172715485"
2178,208127,2,PARAMO RURAL V,"-74,01221919699998","4,665719963153183"
2179,008508,0,CEDRO SALAZAR,"-74,02844903599998","4,72691258265519"
2183,005669,0,EL GACO,"-74,1406257365","4,723584270155081"
2184,205401,2,EL CHANCO II,"-74,16785817750002","4,686133060653889"
2188,004557,0,GRAN BRITALIA,"-74,17669411850002","4,618799708151653"
2189,004522,0,BOSA,"-74,18252654300002","4,609195924651356"
2190,004561,0,EL JARDÍN,"-74,208608956","4,614274645651511"
2191,004302,0,SAN RAFAEL,"-74,1125291145","4,621367929651747"
2193,006419,0,EL REFUGIO,"-74,14913428950001","4,691410886654024"
2194,006416,0,ATAHUALPA,"-74,14605956700001","4,688621103153913"
2195,006403,0,SAN JOSÉ DE FONTIBÓN,"-74,13212186549998","4,683157204653751"
2196,001347,0,JUAN REY SUR,"-74,0915184045","4,515561895148295"
2201,009257,0,TIBABUYES,"-74,112642924","4,735316621655464"
2203,208107,2,LA ESPERANZA,"-74,0243987785","4,6645415201531595"
2205,004578,0,VILLA NELLY III SECTOR,"-74,1622819785","4,6244075606518535"
2206,004620,0,CHUCUA DE LA VACA II,"-74,16494694049999","4,627432227151963"
2207,002431,0,POTOSÍ,"-74,1705090495","4,568999111150056"
2208,001335,0,VILLA DIANA,"-74,08956947850001","4,501441587647852"
2209,008207,0,BOSQUE CALDERÓN,"-74,0607387565","4,641354010652411"
2210,009111,0,MÓNACO,"-74,06274071050001","4,700823391654332"
2211,005624,0,AEROPUERTO EL DORADO,"-74,1436162055","4,700160663654298"
2212,006402,0,LA CABANA FONTIBÓN,"-74,13865855399999","4,682166105653748"
2213,006414,0,BRISAS ALDEA FONTIBÓN,"-74,157060866","4,694001602654126"
2214,004573,0,CIUDADELA EL RECREO,"-74,2023240575","4,6323106246521135"
2215,006401,0,VERSALLES FONTIBÓN,"-74,14521120949999","4,685042047653817"
2216,005613,0,LA SERENA,"-74,09153187999999","4,707693616654554"
2217,005614,0,VILLA LUZ,"-74,1076840755","4,684454654153813"
2218,005606,0,NORMANDÍA OCCIDENTAL,"-74,1085092175","4,672779786653399"
2219,004643,0,EL CORZO I,"-74,19337038200001","4,643383790652466"
2220,004526,0,BOSA NOVA,"-74,1895592365","4,61925870165166"
2221,005657,0,SABANA DEL DORADO,"-74,14294103399999","4,711145883654666"
2225,105401,1,EL CHANCO RURAL II,"-74,167929679","4,691069577654023"
2226,008205,0,MARÍA CRISTINA,"-74,05603174750001","4,644130226652473"
2227,008206,0,LA SALLE,"-74,05864428599997","4,6445168751524974"
2228,008203,0,LAS ACACIAS,"-74,0514804815","4,650253796652674"
2229,101103,1,INGEMAR ORIENTAL RURAL,"-74,04141880700001","4,635723759152219"
2231,101301,1,HOYA SAN CRISTÓBAL,"-74,05296265999999","4,549250481149404"
2232,101502,1,SIBERIA,"-74,0481250965","4,626891286151917"
2233,008215,0,INGEMAR,"-74,05740074099998","4,639973491152366"
2234,004317,0,CAMELIA II,"-74,11850556049998","4,614072829151489"
2235,004637,0,LAS MARGARITAS,"-74,195296953","4,630626993152048"
2236,002461,0,ARBORIZADORA ALTA  II,"-74,15540571100001","4,571210380150143"
2237,101306,1,TIBAQUE,"-74,06467632049998","4,527946635148718"
2238,002596,0,EL MOCHUELO ALTO,"-74,134829054","4,499509033647758"
2240,001302,0,MONTEBELLO,"-74,09008584950001","4,566578951649958"
2241,002415,0,MADELENA,"-74,156546727","4,591393977150776"
2242,002421,0,RAFAEL ESCAMILLA,"-74,15985708399998","4,594197002650848"
2243,205322,2,CAMPO VERDE,"-74,210350299","4,624006099651817"
2244,001116,0,TIBAQUE URBANO,"-74,07341314499999","4,567400026649989"
2245,201508,2,PARDO RUBIO  I,"-74,05777679049999","4,634438937652168"
2246,002589,0,PORVENIR,"-74,11641895900001","4,534663878648924"
2248,002446,0,LOS TRES REYES,"-74,179419072","4,589433645150701"
2250,009222,0,ALTOS DE CHOZICA,"-74,082995248","4,731386313155335"
2251,006404,0,PUERTA DE TEJA,"-74,1269032875","4,679117437153629"
2253,005612,0,PARIS GAITÁN,"-74,09661453800001","4,704886256654445"
2254,006218,0,CENTRO INDUSTRIAL,"-74,11091727300001","4,638733717652324"
2255,005639,0,QUIRIGUA ORIENTAL,"-74,10174792700002","4,708337124154578"
2256,009123,0,NIZA NORTE,"-74,076142659","4,715035620154781"
2257,005643,0,ÁLAMOS,"-74,118726797","4,70530275365449"
2258,104104,1,PASQUILLA,"-74,1675689805","4,446063798646048"
2259,004602,0,REMANSO URBANO,"-74,204623094","4,617111488151616"
2260,205320,2,EL REMANSO,"-74,205176967","4,616553794651613"
2261,102401,1,LOS ARRAYANES,"-74,08601935749999","4,495140690647634"
2262,005638,0,SANTA CECILIA,"-74,11123391199999","4,677902375653588"
2263,005625,0,LOS ÁLAMOS,"-74,110337029","4,697505809654226"
2264,004598,0,VILLA ANNY I,"-74,20330361549998","4,603294647151175"
2265,004599,0,VILLA ANNY II,"-74,1991115655","4,601204293151088"
2267,001119,0,AGUAS CLARAS I,"-74,06728698","4,561874686149825"
2268,105105,1,VEREDA EL TINTAL RURAL,"-74,14414830249999","4,659011010152947"
2269,001336,0,JUAN JOSÉ RONDÓN I,"-74,08656825900002","4,499123167147768"
2270,006522,0,EL TINTAL II,"-74,144023522","4,663013834153103"
2271,106201,1,EL PANTANO,"-74,15587441","4,721370478655015"
2272,005662,0,EL CEDRO,"-74,1497182295","4,718674575154911"
2277,008305,0,BELLAVISTA,"-74,0514699135","4,654589704152821"
2278,201304,2,AGUAS CLARAS,"-74,0690107835","4,556707699649657"
2279,005617,0,PRIMAVERA,"-74,10248214","4,709423718654623"
2280,004547,0,CORABASTOS,"-74,1593426105","4,63125638565207"
2281,201302,2,EL TRIANGULO,"-74,07614277799999","4,564404718649882"
2282,001353,0,LAS GUACAMAYAS IV,"-74,10081497799999","4,556430716649653"
2283,001352,0,LAS GUACAMAYAS II,"-74,09873417","4,554376744149566"
2284,005652,0,EL MUELLE,"-74,12650681300002","4,69959274315431"
2285,102310,1,EL BOSQUE SUR ORIENTAL RURAL I,"-74,08504778749997","4,47396806314695"
2286,004587,0,LOS SAUCES,"-74,1911056415","4,6169209081516005"
2287,004589,0,SAN PEDRO,"-74,19237748949999","4,620039336651693"
2288,002447,0,EL MIRADOR DE LA ESTANCIA,"-74,1783613515","4,585099305150569"
2289,002562,0,CENTRAL DE MEZCLAS,"-74,131534413","4,547811330649352"
2291,009121,0,CLUB DE LOS LAGARTOS,"-74,0868110495","4,707429350654559"
2293,001429,0,GUIPARMA,"-74,1189260155","4,560408594649756"
2294,005629,0,EL CEDRO,"-74,11488197449998","4,7069330116545185"
2295,002442,0,SANTA VIVIANA,"-74,17406929999999","4,577154358150313"
2298,004623,0,SAN BERNARDINO POTRERITOS,"-74,20492548349998","4,6225321531517976"
2299,104114,1,QUIBA ALTO,"-74,16862454600002","4,495810983647669"
2300,008204,0,GRANADA,"-74,055727921","4,649179295152642"
2301,001427,0,PUERTO RICO,"-74,1090530445","4,560354412149772"
2302,003103,0,LAS AGUAS,"-74,0648285485","4,602840699151164"
2303,008107,0,SAN DIEGO,"-74,06903230499998","4,613092049651462"
2304,101110,1,PARAMO I RURAL,"-74,0380549155","4,670198980653346"
2305,008106,0,BOSQUE IZQUIERDO,"-74,06407084749998","4,60908462715134"
2306,108109,1,PARAMO I,"-74,0322788755","4,669581522653331"
2307,001342,0,ALTOS DEL ZIPA,"-74,0795817945","4,549899205149427"
2308,002606,0,EL CURUBO,"-74,104622226","4,51097342864815"
2309,002441,0,LOS TRES REYES I,"-74,17875482299999","4,587188166650639"
2310,001356,0,VILLA DEL CERRO,"-74,09480023950002","4,544251513149247"
2312,005402,0,SANTA ROSA,"-74,07919357150001","4,693827011654099"
2317,001354,0,LAS GUACAMAYAS III,"-74,100261572","4,558055545649686"
2318,002529,0,LA MARICHUELA,"-74,1179326685","4,509668071148102"
2319,008538,0,BOSQUE DE PINOS III,"-74,02240143050003","4,727652771655213"
2320,008304,0,LOS ROSALES,"-74,04852514750002","4,6600237676530165"
2321,101101,1,EL BAGAZAL,"-74,03719173849998","4,652534381152776"
2322,108104,1,PARAMO,"-74,017918254","4,687870592153914"
2323,008303,0,EL REFUGIO,"-74,04362574750002","4,668694063653286"
2325,005619,0,PARIS,"-74,106195442","4,70340386115442"
2326,004506,0,LA CAMPIÑA,"-74,1450940245","4,607038409651292"
2327,004556,0,GRAN BRITALIA I,"-74,17144162100001","4,624135513151839"
2329,208125,2,SAN LUIS ALTOS DEL CABO RURAL II,"-74,02242202049999","4,670168510153338"
2330,002418,0,LA ESTANCIA,"-74,17407850949999","4,594319261650875"
2331,102412,1,TOCAIMITA SUR,"-74,090830458","4,496282178647678"
2332,001118,0,LOS LAURELES SUR ORIENTAL I,"-74,067759069","4,566180056149961"
2333,008221,0,SIBERIA URBANO,"-74,0577570175","4,631326554152078"
2336,002416,0,EL ENSUEÑO,"-74,1593789655","4,584256320650548"
2337,001421,0,DIANA TURBAY,"-74,10856864849998","4,548053969149361"
2338,004638,0,CIUDADELA EL RECREO II,"-74,20034797600002","4,6344177171521626"
2339,009131,0,SANTA HELENA,"-74,06277736599998","4,731092024155339"
2340,001346,0,CIUDAD LONDRES I,"-74,0857229515","4,5192215346484454"
2341,006514,0,VERGEL OCCIDENTAL,"-74,13939101349999","4,651964120652744"
2342,002578,0,ARABIA,"-74,14796393900002","4,533814001148894"
2344,005608,0,SANTA HELENITA,"-74,1044597065","4,690315897653997"
2345,001435,0,LOS ARRAYANES II,"-74,1075213115","4,542516064149164"
2346,005602,0,SANTA MARÍA,"-74,094274469","4,692464378154075"
2347,002419,0,RINCÓN DE LA VALVANERA,"-74,162707582","4,59257447115079"
2348,002584,0,EL MOCHUELO,"-74,13635117999999","4,537249271149017"
2349,005405,0,LAS FERIAS OCCIDENTAL,"-74,08704238299998","4,686804007153887"
2350,005611,0,AUTOPISTA MEDELLÍN,"-74,094774408","4,70048109515434"
2351,201309,2,TIBAQUE II,"-74,08448086249999","4,509266233148077"
2352,004304,0,GALÁN,"-74,12090210299999","4,618160320151659"
2353,102309,1,EL BOSQUE SUR ORIENTAL RURAL II,"-74,07988603000001","4,474764931146958"
2355,009117,0,PRADO VERANIEGO SUR,"-74,06450861349998","4,713023295654729"
2356,102211,1,LILIANA,"-74,0914319465","4,508548041148087"
2358,009237,0,RINCÓN DE SUBA,"-74,095791413","4,722057048655034"
2359,001339,0,BOSQUE DE LOS ALPES,"-74,08356113550002","4,549567482149393"
2360,101405,1,PARQUE NACIONAL ORIENTAL,"-74,050778098","4,598078730650984"
2361,003208,0,EL ROCIÓ,"-74,06988615400002","4,5826294281505096"
2362,003205,0,EL GUAVIO,"-74,06989108099998","4,5890161531506894"
2363,001312,0,LOS ALPES,"-74,08315334600002","4,554348968649563"
2364,001411,0,SAN JORGE SUR,"-74,11907554849998","4,571099597150113"
2365,001310,0,LA VICTORIA,"-74,092395447","4,552170883149497"
2366,001112,0,PRIMERO DE MAYO,"-74,0899160255","4,57257475765017"
2367,202601,2,CENTRO USME,"-74,128011394","4,469583460146805"
2368,004588,0,EL DANUBIO AZUL,"-74,18225397999998","4,621437114151756"
2369,004405,0,OSPINA PÉREZ SUR,"-74,13212125449999","4,596351073650956"
2373,009125,0,PASADENA,"-74,06336734550001","4,692719398154081"
2374,008420,0,PARAMO URBANO I,"-74,02351150450002","4,703614206654423"
2375,009126,0,ESTORIL,"-74,05859604400001","4,69202097515407"
2376,008406,0,SAN GABRIEL NORTE,"-74,0264202635","4,700407182654335"
2380,002581,0,LA TORRE,"-74,161763915","4,541217369649141"
2381,002526,0,SANTA LIBRADA,"-74,11898540450002","4,51651463064835"
2382,002429,0,MARÍA CANO,"-74,1759450355","4,59018256615075"
2383,002430,0,LAS BRISAS,"-74,16641354400002","4,57134597665012"
2384,004402,0,REMANSO,"-74,11324475149999","4,602699859151153"
2385,208101,2,PARAMO IV,"-74,0191801865","4,6728152861534245"
2386,006320,0,CIUDAD HAYUELOS,"-74,128850691","4,657527543152911"
2387,007403,0,SAN FELIPE,"-74,064084793","4,662951282153128"
2389,009266,0,RINCÓN ALTAMAR,"-74,09252940249999","4,719819456154938"
2390,004527,0,NUEVA GRANADA BOSA,"-74,19244544949998","4,60052113015108"
2391,001318,0,QUINDÍO,"-74,07989859949998","4,537465813649023"
2392,002515,0,SAN FRANCISCO,"-74,14911485649998","4,5627588771498395"
2393,008426,0,SAN GABRIEL NORTE II,"-74,02698484300001","4,7009848986543386"
2394,004513,0,SAN DIEGO-BOSA,"-74,20999718299998","4,61195339215145"
2395,102118,1,LAS VIOLETAS RURAL,"-74,07441587550002","4,491073585647512"
2397,102110,1,EL PORVENIR DE LOS SOCHES,"-74,09114566049999","4,4853492646473185"
2399,104127,1,EL MOCHUELO IV,"-74,15227409900001","4,536326562148984"
2400,202203,2,BOLONIA I,"-74,096007883","4,509536640648123"
2401,002422,0,ATLANTA,"-74,15247717649999","4,584713209150561"
2402,001305,0,ATENAS,"-74,09286978899999","4,557188317649682"
2403,004572,0,CORREDOR FÉRREO DEL SUR,"-74,13689115050002","4,609867182151392"
2404,004514,0,CIUDAD KENNEDY NORTE,"-74,15351997849999","4,62906754865199"
2405,002569,0,ARBORIZADORA ALTA,"-74,166822849","4,5626894601498424"
2406,008103,0,LA MERCED,"-74,06552858250001","4,620954514151738"
2407,006204,0,ESTACIÓN CENTRAL,"-74,0916820795","4,618499758651666"
2408,006108,0,SAMPER MENDOZA,"-74,081716298","4,619369454651687"
2409,008201,0,QUINTA CAMACHO,"-74,05944901450002","4,655027645152862"
2410,004621,0,CHUCUA DE LA VACA I,"-74,166895837","4,62536862215188"
2412,005628,0,GARCÉS NAVAS ORIENTAL,"-74,118160319","4,71027968915465"
2413,006507,0,NUEVO TECHO,"-74,13583497549999","4,646358683152552"
2414,006307,0,MONTEVIDEO,"-74,11721271050001","4,645287635652541"
2415,002643,0,EL SALTEADOR,"-74,103462791","4,48405385464727"
2418,004559,0,EL CARMELO,"-74,176652585","4,620070964151712"
2419,002583,0,QUIBA URBANO,"-74,14378637049998","4,534269470648903"
2420,004591,0,EL PORTAL DEL BRASIL,"-74,186218951","4,630163421652027"
2421,101308,1,CHIGUAZA RURAL,"-74,083513375","4,525145365648596"
2423,002582,0,BELLA FLOR SUR,"-74,158730112","4,545182726149275"
2424,002432,0,ARBORIZADORA BAJA,"-74,1474173695","4,573904939650214"
2425,009235,0,CIUDAD HUNZA,"-74,08707773949999","4,7211651786549975"
2426,002537,0,CHUNIZA,"-74,10937305050001","4,50477951164796"
2427,002556,0,DESARROLLO BRAZUELOS I,"-74,11768464100001","4,498066042647734"
2428,003202,0,LAS CRUCES,"-74,08031412349999","4,587408166650656"
2429,005105,0,CAMPIN OCCIDENTAL,"-74,07971961850001","4,6488620191526255"
2430,005106,0,NICOLAS DE FEDERMAN,"-74,08244891750002","4,647458999652604"
2431,004534,0,ROMA,"-74,1735367155","4,610618902151403"
2432,002601,0,ARRAYANES I,"-74,100451669","4,5425207691491725"
2433,001422,0,DIANA TURBAY ARRAYANES,"-74,10719051500001","4,544642137149263"
2434,001313,0,BELLAVISTA SUR,"-74,08851888250001","4,550669752149423"
2435,001301,0,GRANADA SUR,"-74,08970698500002","4,569562130650066"
2437,006217,0,CIUDAD SALITRE SUR-ORIENTAL,"-74,10403108150001","4,642493350652458"
2438,002608,0,EL BOSQUE CENTRAL I,"-74,09891632399999","4,505288639647978"
2439,202204,2,LA ESPERANZA SUR I,"-74,096576884","4,507554476648037"
2440,002605,0,BOLONIA,"-74,10087936149998","4,509274235148096"
2441,002609,0,EL BOSQUE,"-74,10150529450001","4,505572722647986"
2442,002607,0,LA ESPERANZA SUR,"-74,1017106525","4,507265822648052"
2443,102406,1,EL BOSQUE CENTRAL,"-74,0971709765","4,5047914086479395"
2444,108103,1,BARRANCAS ORIENTAL RURAL,"-74,01448647750001","4,7346067361554285"
2446,006525,0,EL CHANCO I,"-74,16334575599998","4,6832496916537725"
2447,105403,1,EL CHANCO RURAL III,"-74,17201545199998","4,6792829136536085"
